surface_form,surah,ayah,surah_name
نستعين,1,5,حمد
مغضوب,1,7,حمد
مرضا,2,10,بقره
مستهزءون,2,14,بقره
ربح,2,16,بقره
استوقد,2,17,بقره
صيب,2,19,بقره
يخطف,2,20,بقره
مش,2,20,بقره
فراشا,2,22,بقره
ثمره,2,25,بقره
بعوضه,2,26,بقره
يسفك,2,30,بقره
نقدس,2,30,بقره
ازل,2,36,بقره
تتل,2,44,بقره
اتخاذ,2,54,بقره
استسقي,2,60,بقره
انفجر,2,60,بقره
بقل,2,61,بقره
قثاء,2,61,بقره
فوم,2,61,بقره
عدس,2,61,بقره
بصل,2,61,بقره
تستبدل,2,61,بقره
مصرا,2,61,بقره
تذبح,2,67,بقره
فارض,2,68,بقره
بكر,2,68,بقره
عوان,2,68,بقره
صفراء,2,69,بقره
فاقع,2,69,بقره
ذلول,2,71,بقره
شيه,2,71,بقره
ادارا,2,72,بقره
قسوه,2,74,بقره
يتفجر,2,74,بقره
يشقق,2,74,بقره
يهبط,2,74,بقره
تطمع,2,75,بقره
عقل,2,75,بقره
اميون,2,78,بقره
تسفك,2,84,بقره
اساري,2,85,بقره
تفاد,2,85,بقره
يستفتح,2,89,بقره
احرص,2,96,بقره
مزحزح,2,96,بقره
بابل,2,102,بقره
هاروت,2,102,بقره
ماروت,2,102,بقره
ضارين,2,102,بقره
ننسخ,2,106,بقره
ننس,2,106,بقره
نات,2,106,بقره
يتبدل,2,108,بقره
حسدا,2,109,بقره
خراب,2,114,بقره
خاءفين,2,114,بقره
تلاوه,2,121,بقره
مثابه,2,125,بقره
مصلي,2,125,بقره
بلدا,2,126,بقره
سفه,2,130,بقره
مخلصون,2,139,بقره
كتم,2,140,بقره
ولا,2,142,بقره
وسطا,2,143,بقره
وجهه,2,148,بقره
مروه,2,158,بقره
اعتمر,2,158,بقره
شاكر,2,158,بقره
لاعنون,2,159,بقره
اتوب,2,160,بقره
مسخر,2,164,بقره
نتبرا,2,167,بقره
ينعق,2,171,بقره
موفون,2,177,بقره
قتلي,2,178,بقره
عفي,2,178,بقره
اداء,2,178,بقره
تخفيف,2,178,بقره
موص,2,182,بقره
جنفا,2,182,بقره
يطيق,2,184,بقره
تصوم,2,184,بقره
رمضان,2,185,بقره
يصم,2,185,بقره
تكمل,2,185,بقره
يرشد,2,186,بقره
تختان,2,187,بقره
باشر,2,187,بقره
تباشر,2,187,بقره
تدل,2,188,بقره
حكام,2,188,بقره
اهله,2,189,بقره
مواقيت,2,189,بقره
تهلكه,2,195,بقره
تحلق,2,196,بقره
حاضري,2,196,بقره
تزود,2,197,بقره
عرفات,2,198,بقره
مشعر,2,198,بقره
افاض,2,199,بقره
يشري,2,207,بقره
زلل,2,209,بقره
يرتدد,2,217,بقره
يمت,2,217,بقره
تخالط,2,220,بقره
مفسد,2,220,بقره
مصلح,2,220,بقره
اعنت,2,220,بقره
توابين,2,222,بقره
متطهرين,2,222,بقره
عرضه,2,224,بقره
يءل,2,226,بقره
قروء,2,228,بقره
مرتان,2,229,بقره
امساك,2,229,بقره
تسريح,2,229,بقره
زوجا,2,230,بقره
يتراجع,2,230,بقره
والدات,2,233,بقره
يرضع,2,233,بقره
حولين,2,233,بقره
كاملين,2,233,بقره
وارث,2,233,بقره
فصالا,2,233,بقره
تشاور,2,233,بقره
تسترضع,2,233,بقره
خطبه,2,235,بقره
اكنن,2,235,بقره
تعزم,2,235,بقره
تفرض,2,236,بقره
موسع,2,236,بقره
مقتر,2,236,بقره
وسطي,2,238,بقره
ركبانا,2,239,بقره
الوف,2,243,بقره
جسم,2,247,بقره
مبتلي,2,249,بقره
اغترف,2,249,بقره
قليله,2,249,بقره
هزم,2,251,بقره
خله,2,254,بقره
يءود,2,255,بقره
انفصام,2,256,بقره
اميت,2,258,بقره
بهت,2,258,بقره
يتسنه,2,259,بقره
ننشز,2,259,بقره
نكسو,2,259,بقره
تحيي,2,260,بقره
يطمءن,2,260,بقره
سعيا,2,260,بقره
سنابل,2,261,بقره
سنبله,2,261,بقره
صفوان,2,264,بقره
صلدا,2,264,بقره
طل,2,265,بقره
اعصار,2,266,بقره
احترق,2,266,بقره
اخذي,2,267,بقره
تغمض,2,267,بقره
فقر,2,268,بقره
جاهل,2,273,بقره
تعفف,2,273,بقره
الحافا,2,273,بقره
يتخبط,2,275,بقره
انتهي,2,275,بقره
يربي,2,276,بقره
بقي,2,278,بقره
ميسره,2,280,بقره
تداين,2,282,بقره
سفيها,2,282,بقره
يمل,2,282,بقره
شهيدين,2,282,بقره
امراتان,2,282,بقره
تسام,2,282,بقره
ترتاب,2,282,بقره
تدير,2,282,بقره
تبايع,2,282,بقره
يضار,2,282,بقره
كاتبا,2,283,بقره
رهان,2,283,بقره
مقبوضه,2,283,بقره
اءتمن,2,283,بقره
غفران,2,285,بقره
اصرا,2,286,بقره
يصور,3,6,آل عمران
محكمات,3,7,آل عمران
متشابهات,3,7,آل عمران
زيغ,3,7,آل عمران
تزغ,3,8,آل عمران
التق,3,13,آل عمران
كافره,3,13,آل عمران
يءيد,3,13,آل عمران
قناطير,3,14,آل عمران
مقنطره,3,14,آل عمران
منفقين,3,17,آل عمران
مستغفرين,3,17,آل عمران
تعز,3,26,آل عمران
تذل,3,26,آل عمران
محضرا,3,30,آل عمران
يحبب,3,31,آل عمران
محررا,3,35,آل عمران
اعيذ,3,36,آل عمران
قبول,3,37,آل عمران
سيدا,3,39,آل عمران
حصورا,3,39,آل عمران
عاقر,3,40,آل عمران
رمزا,3,41,آل عمران
اقنت,3,43,آل عمران
اخلق,3,49,آل عمران
تدخر,3,49,آل عمران
متوفي,3,55,آل عمران
رافع,3,55,آل عمران
مطهر,3,55,آل عمران
نبتهل,3,61,آل عمران
حاجج,3,66,آل عمران
يهوديا,3,67,آل عمران
نصرانيا,3,67,آل عمران
قنطار,3,75,آل عمران
دينار,3,75,آل عمران
يلو,3,78,آل عمران
ربانيين,3,79,آل عمران
ذهبا,3,91,آل عمران
افتدي,3,91,آل عمران
حلا,3,93,آل عمران
بكه,3,96,آل عمران
يعتصم,3,101,آل عمران
حفره,3,103,آل عمران
انقذ,3,103,آل عمران
تبيض,3,106,آل عمران
تسود,3,106,آل عمران
بطانه,3,118,آل عمران
يال,3,118,آل عمران
عض,3,119,آل عمران
انامل,3,119,آل عمران
بدر,3,123,آل عمران
فور,3,125,آل عمران
مسومين,3,125,آل عمران
طرفا,3,127,آل عمران
يكبت,3,127,آل عمران
خاءبين,3,127,آل عمران
مضاعفه,3,130,آل عمران
سارع,3,133,آل عمران
عافين,3,134,آل عمران
نداول,3,140,آل عمران
مءجلا,3,145,آل عمران
ربيون,3,146,آل عمران
اسراف,3,147,آل عمران
تصعد,3,153,آل عمران
غما,3,153,آل عمران
نعاسا,3,154,آل عمران
اهم,3,154,آل عمران
استزل,3,155,آل عمران
غزي,3,156,آل عمران
لن,3,159,آل عمران
فظا,3,159,آل عمران
شاور,3,159,آل عمران
متوكلين,3,159,آل عمران
يخذل,3,160,آل عمران
يغل,3,161,آل عمران
يغلل,3,161,آل عمران
قتالا,3,167,آل عمران
ادرء,3,168,آل عمران
يطلع,3,179,آل عمران
يطوق,3,180,آل عمران
قربان,3,183,آل عمران
زحزح,3,185,آل عمران
يحمد,3,188,آل عمران
مناديا,3,193,آل عمران
اضيع,3,195,آل عمران
صابر,3,200,آل عمران
رابط,3,200,آل عمران
تساءل,4,1,نساء
تتبدل,4,2,نساء
حوبا,4,2,نساء
طاب,4,3,نساء
تعول,4,3,نساء
نحله,4,4,نساء
مريءا,4,4,نساء
اكس,4,5,نساء
ابتل,4,6,نساء
اسرافا,4,6,نساء
بدارا,4,6,نساء
ضعافا,4,9,نساء
ثلثا,4,11,نساء
تدر,4,11,نساء
توص,4,12,نساء
مضار,4,12,نساء
ترث,4,19,نساء
عاشر,4,19,نساء
استبدال,4,20,نساء
قنطارا,4,20,نساء
افضي,4,21,نساء
رباءب,4,23,نساء
حجور,4,23,نساء
حلاءل,4,23,نساء
اصلاب,4,23,نساء
تجمع,4,23,نساء
اختين,4,23,نساء
تراضي,4,24,نساء
مسافحات,4,25,نساء
متخذات,4,25,نساء
ميلا,4,27,نساء
عدوانا,4,30,نساء
تجتنب,4,31,نساء
تتمن,4,32,نساء
قوامون,4,34,نساء
نشوز,4,34,نساء
يوفق,4,35,نساء
مختالا,4,36,نساء
فخورا,4,36,نساء
تسوي,4,42,نساء
عابري,4,43,نساء
تغتسل,4,43,نساء
ليا,4,46,نساء
طعنا,4,46,نساء
نطمس,4,47,نساء
وجوها,4,47,نساء
نلعن,4,47,نساء
يزك,4,49,نساء
جبت,4,51,نساء
يحسد,4,54,نساء
نضج,4,56,نساء
جلودا,4,56,نساء
ظلا,4,57,نساء
ظليلا,4,57,نساء
تءد,4,58,نساء
يزعم,4,60,نساء
يتحاكم,4,60,نساء
صدودا,4,61,نساء
توفيقا,4,62,نساء
بليغا,4,63,نساء
صديقين,4,69,نساء
رفيقا,4,69,نساء
ثبات,4,71,نساء
يبطء,4,72,نساء
افوز,4,73,نساء
يشر,4,74,نساء
مشيده,4,78,نساء
اختلافا,4,82,نساء
اذاع,4,83,نساء
يستنبط,4,83,نساء
تنكيلا,4,84,نساء
مقيتا,4,85,نساء
حيي,4,86,نساء
تهد,4,88,نساء
حصر,4,90,نساء
سلط,4,90,نساء
يعتزل,4,91,نساء
ضرر,4,95,نساء
مجاهدون,4,95,نساء
توفا,4,97,نساء
تهاجر,4,97,نساء
حيله,4,98,نساء
مراغما,4,100,نساء
مهاجرا,4,100,نساء
تقصر,4,101,نساء
تغفل,4,102,نساء
امتعه,4,102,نساء
يميل,4,102,نساء
ميله,4,102,نساء
اطمانن,4,103,نساء
موقوتا,4,103,نساء
يالم,4,104,نساء
خصيما,4,105,نساء
يختان,4,107,نساء
خوانا,4,107,نساء
اثيما,4,107,نساء
بريءا,4,112,نساء
نول,4,115,نساء
نصل,4,115,نساء
مريدا,4,117,نساء
امني,4,119,نساء
يبتك,4,119,نساء
خسرانا,4,119,نساء
محيصا,4,121,نساء
ترغب,4,127,نساء
نشوزا,4,128,نساء
اعراضا,4,128,نساء
صلحا,4,128,نساء
تحسن,4,128,نساء
ميل,4,129,نساء
معلقه,4,129,نساء
واسعا,4,130,نساء
حميدا,4,131,نساء
يستهزا,4,140,نساء
نستحوذ,4,141,نساء
نمنع,4,141,نساء
خادع,4,142,نساء
مذبذبين,4,143,نساء
درك,4,145,نساء
شبه,4,157,نساء
يقينا,4,157,نساء
مقيمين,4,162,نساء
مءتون,4,162,نساء
تكليما,4,164,نساء
استنكف,4,173,نساء
ثلثان,4,176,نساء
عقود,5,1,مائده
محلي,5,1,مائده
حلل,5,2,مائده
اصطاد,5,2,مائده
منخنقه,5,3,مائده
موقوذه,5,3,مائده
مترديه,5,3,مائده
نطيحه,5,3,مائده
ذكي,5,3,مائده
تستقسم,5,3,مائده
اكمل,5,3,مائده
متجانف,5,3,مائده
جوارح,5,4,مائده
مكلبين,5,4,مائده
متخذي,5,5,مائده
اغسل,5,6,مائده
مرافق,5,6,مائده
كعبين,5,6,مائده
واثق,5,7,مائده
اثني,5,12,مائده
نقيبا,5,12,مائده
تزال,5,13,مائده
اغري,5,14,مائده
احباء,5,18,مائده
فتره,5,19,مائده
ملوكا,5,20,مائده
مقدسه,5,21,مائده
ترتد,5,21,مائده
داخلون,5,22,مائده
رجلان,5,23,مائده
افرق,5,25,مائده
محرمه,5,26,مائده
يتيه,5,26,مائده
ابني,5,27,مائده
طوع,5,30,مائده
غرابا,5,31,مائده
يبحث,5,31,مائده
ويلتا,5,31,مائده
عجز,5,31,مائده
غراب,5,31,مائده
اواري,5,31,مائده
يحارب,5,33,مائده
ينف,5,33,مائده
يفتد,5,36,مائده
سارق,5,38,مائده
سارقه,5,38,مائده
اكالون,5,42,مائده
استحفظ,5,44,مائده
جروح,5,45,مائده
مهيمنا,5,48,مائده
شرعه,5,48,مائده
منهاجا,5,48,مائده
نخشي,5,52,مائده
لومه,5,54,مائده
لاءم,5,54,مائده
خنازير,5,60,مائده
مبسوطتان,5,64,مائده
اطفا,5,64,مائده
مقتصده,5,66,مائده
تقيم,5,68,مائده
صابءون,5,69,مائده
صديقه,5,75,مائده
يتناه,5,79,مائده
قسيسين,5,82,مائده
رهبانا,5,82,مائده
تطعم,5,89,مائده
حلف,5,89,مائده
احفظ,5,89,مائده
انصاب,5,90,مائده
يوقع,5,91,مائده
منتهون,5,91,مائده
رماح,5,94,مائده
صياما,5,95,مائده
ينتقم,5,95,مائده
بحيره,5,103,مائده
ساءبه,5,103,مائده
وصيله,5,103,مائده
حام,5,103,مائده
اثنان,5,106,مائده
تحبس,5,106,مائده
نشتري,5,106,مائده
نكتم,5,106,مائده
اثمين,5,106,مائده
عثر,5,107,مائده
اوليان,5,107,مائده
تنفخ,5,110,مائده
كفف,5,110,مائده
ناكل,5,113,مائده
عيدا,5,114,مائده
قرطاس,6,7,انعام
ينا,6,26,انعام
اعراض,6,35,انعام
نفقا,6,35,انعام
جناحي,6,38,انعام
تضرع,6,43,انعام
تستبين,6,55,انعام
فاصلين,6,57,انعام
ورقه,6,59,انعام
رطب,6,59,انعام
يابس,6,59,انعام
جرح,6,60,انعام
حفظه,6,61,انعام
تبسل,6,70,انعام
ابسل,6,70,انعام
استهو,6,71,انعام
حيران,6,71,انعام
نسلم,6,71,انعام
افلين,6,76,انعام
بازغا,6,77,انعام
بازغه,6,78,انعام
اقتد,6,90,انعام
قراطيس,6,91,انعام
غمرات,6,93,انعام
باسطوا,6,93,انعام
نوي,6,95,انعام
اصباح,6,96,انعام
متراكبا,6,99,انعام
قنوان,6,99,انعام
مشتبها,6,99,انعام
ينع,6,99,انعام
تسب,6,108,انعام
يسب,6,108,انعام
يجهل,6,111,انعام
تصغي,6,113,انعام
مقترفون,6,113,انعام
مفصلا,6,114,انعام
صدقا,6,115,انعام
عدلا,6,115,انعام
اضطرر,6,119,انعام
خارج,6,122,انعام
اكابر,6,123,انعام
مجرمي,6,123,انعام
صغار,6,124,انعام
يشرح,6,125,انعام
وصف,6,139,انعام
سفها,6,140,انعام
حصاد,6,141,انعام
حموله,6,142,انعام
فرشا,6,142,انعام
ضان,6,143,انعام
معز,6,143,انعام
محرما,6,145,انعام
طاعم,6,145,انعام
دما,6,145,انعام
مسفوحا,6,145,انعام
فسقا,6,145,انعام
ظفر,6,146,انعام
شحوم,6,146,انعام
حوايا,6,146,انعام
تخرص,6,148,انعام
تماما,6,154,انعام
دراسه,6,156,انعام
صدف,6,157,انعام
قاءلون,7,4,اعراف
تتكبر,7,13,اعراف
مذءوما,7,18,اعراف
ووري,7,20,اعراف
قاسم,7,21,اعراف
دلا,7,22,اعراف
تحي,7,25,اعراف
ريشا,7,26,اعراف
ينزع,7,27,اعراف
قبيل,7,27,اعراف
تفتح,7,40,اعراف
جمل,7,40,اعراف
خياط,7,40,اعراف
غواش,7,41,اعراف
نهتدي,7,43,اعراف
نود,7,43,اعراف
يطلب,7,54,اعراف
حثيثا,7,54,اعراف
خبث,7,58,اعراف
نكدا,7,58,اعراف
عمين,7,64,اعراف
ناصح,7,68,اعراف
سهول,7,74,اعراف
كارهين,7,88,اعراف
نعود,7,89,اعراف
فاتحين,7,89,اعراف
اسي,7,93,اعراف
يضرع,7,94,اعراف
عف,7,95,اعراف
حقيق,7,105,اعراف
ملقين,7,115,اعراف
استرهب,7,116,اعراف
بطل,7,118,اعراف
نقتل,7,127,اعراف
نستحيي,7,127,اعراف
قاهرون,7,127,اعراف
قمل,7,133,اعراف
ضفادع,7,133,اعراف
مفصلات,7,133,اعراف
بالغو,7,135,اعراف
يعكف,7,138,اعراف
متبر,7,139,اعراف
ثلاثين,7,142,اعراف
استقر,7,143,اعراف
صعقا,7,143,اعراف
يتكبر,7,146,اعراف
حلي,7,148,اعراف
تشمت,7,150,اعراف
مفترين,7,152,اعراف
سكت,7,154,اعراف
نسخه,7,154,اعراف
يرهب,7,154,اعراف
اختار,7,155,اعراف
غافرين,7,155,اعراف
اصيب,7,156,اعراف
اشاء,7,156,اعراف
مكتوبا,7,157,اعراف
اثنتي,7,160,اعراف
اسباطا,7,160,اعراف
استسقا,7,160,اعراف
انبجس,7,160,اعراف
حيتان,7,163,اعراف
شرعا,7,163,اعراف
يسبت,7,163,اعراف
تعظ,7,164,اعراف
بءيس,7,165,اعراف
نتق,7,171,اعراف
اقصص,7,176,اعراف
مهتدي,7,178,اعراف
يجلي,7,187,اعراف
حفي,7,187,اعراف
تغشا,7,189,اعراف
خفيفا,7,189,اعراف
اثقل,7,189,اعراف
صامتون,7,193,اعراف
مبصرون,7,201,اعراف
يقصر,7,202,اعراف
تلي,8,2,انفال
يساق,8,6,انفال
شوكه,8,7,انفال
تستغيث,8,9,انفال
ممد,8,9,انفال
مردفين,8,9,انفال
نعاس,8,11,انفال
يربط,8,11,انفال
زحفا,8,15,انفال
متحرفا,8,16,انفال
متحيزا,8,16,انفال
موهن,8,18,انفال
تستفتح,8,19,انفال
يحول,8,24,انفال
خاصه,8,25,انفال
مستضعفون,8,26,انفال
اوا,8,26,انفال
فرقانا,8,29,انفال
مكاء,8,35,انفال
تصديه,8,35,انفال
يركم,8,37,انفال
مض,8,38,انفال
خمس,8,41,انفال
قصوي,8,42,انفال
يقلل,8,44,انفال
اثبت,8,45,انفال
بطرا,8,47,انفال
تراء,8,48,انفال
فءتان,8,48,انفال
نكص,8,48,انفال
مغيرا,8,53,انفال
تثقف,8,57,انفال
شرد,8,57,انفال
انبذ,8,58,انفال
رباط,8,60,انفال
ترهب,8,60,انفال
جنح,8,61,انفال
اجنح,8,61,انفال
عشرون,8,65,انفال
الفا,8,65,انفال
خفف,8,66,انفال
صابره,8,66,انفال
الفين,8,66,انفال
يثخن,8,67,انفال
امكن,8,71,انفال
ولايت,8,72,انفال
سيح,9,2,توبه
مخزي,9,2,توبه
مده,9,4,توبه
مرصد,9,5,توبه
استجار,9,6,توبه
مامن,9,6,توبه
تابي,9,8,توبه
معتدون,9,10,توبه
طعن,9,12,توبه
بدء,9,13,توبه
يخز,9,14,توبه
يشف,9,14,توبه
وليجه,9,16,توبه
عماره,9,19,توبه
اقترف,9,24,توبه
كساد,9,24,توبه
مواطن,9,25,توبه
حنين,9,25,توبه
نجس,9,28,توبه
عيله,9,28,توبه
يدين,9,29,توبه
جزيه,9,29,توبه
عزير,9,30,توبه
يضاهء,9,30,توبه
يابي,9,32,توبه
يكنز,9,34,توبه
يحمي,9,35,توبه
تكوي,9,35,توبه
جباه,9,35,توبه
تكنز,9,35,توبه
شهور,9,36,توبه
اثنا,9,36,توبه
نسيء,9,37,توبه
يواطء,9,37,توبه
اثاقل,9,38,توبه
غار,9,40,توبه
سفلي,9,40,توبه
خفافا,9,41,توبه
سفرا,9,42,توبه
قاصدا,9,42,توبه
شقه,9,42,توبه
يتردد,9,45,توبه
انبعاث,9,46,توبه
ثبط,9,46,توبه
اوضع,9,47,توبه
اءذن,9,49,توبه
حسنيين,9,52,توبه
متربصون,9,52,توبه
نفقات,9,54,توبه
مغارات,9,57,توبه
يجمح,9,57,توبه
اعط,9,58,توبه
يسخط,9,58,توبه
مءلفه,9,60,توبه
غارمين,9,60,توبه
يحادد,9,63,توبه
تحذر,9,64,توبه
نلعب,9,65,توبه
تستهزء,9,65,توبه
نعف,9,66,توبه
خض,9,69,توبه
خاض,9,69,توبه
اغنا,9,74,توبه
نصدق,9,75,توبه
اعقب,9,77,توبه
مطوعين,9,79,توبه
حرا,9,81,توبه
خالفين,9,83,توبه
قبر,9,84,توبه
معذرون,9,90,توبه
اجدر,9,97,توبه
مغرما,9,98,توبه
دواءر,9,98,توبه
قربات,9,99,توبه
قربه,9,99,توبه
نفاق,9,101,توبه
خلط,9,102,توبه
سيءا,9,102,توبه
مرجون,9,106,توبه
تفريقا,9,107,توبه
ارصادا,9,107,توبه
حارب,9,107,توبه
مطهرين,9,108,توبه
جرف,9,109,توبه
هار,9,109,توبه
بن,9,110,توبه
ريبه,9,110,توبه
اشتري,9,111,توبه
استبشر,9,111,توبه
تاءبون,9,112,توبه
حامدون,9,112,توبه
ساءحون,9,112,توبه
ساجدون,9,112,توبه
امرون,9,112,توبه
ناهون,9,112,توبه
استغفار,9,114,توبه
موعده,9,114,توبه
يزيغ,9,117,توبه
يتخلف,9,120,توبه
ظما,9,120,توبه
يطء,9,120,توبه
موطءا,9,120,توبه
نيلا,9,120,توبه
واديا,9,121,توبه
ينفر,9,122,توبه
فرقه,9,122,توبه
يتفقه,9,122,توبه
يل,9,123,توبه
غلظه,9,123,توبه
رجسا,9,125,توبه
انصرف,9,127,توبه
حريص,9,128,توبه
يعجل,10,11,یونس
استعجال,10,11,یونس
قاعدا,10,12,یونس
ابدل,10,15,یونس
عمرا,10,16,یونس
تمكر,10,21,یونس
جري,10,22,یونس
قتر,10,26,یونس
قطعا,10,27,یونس
مظلما,10,27,یونس
زيل,10,28,یونس
بريءون,10,41,یونس
يتعارف,10,45,یونس
يستنبء,10,53,یونس
حراما,10,59,یونس
تذكير,10,71,یونس
غمه,10,71,یونس
ساحرون,10,77,یونس
تلفت,10,78,یونس
عال,10,83,یونس
اطمس,10,88,یونس
ادرك,10,90,یونس
غرق,10,90,یونس
بنو,10,90,یونس
مبوا,10,93,یونس
ننج,10,103,یونس
يثن,11,5,هود
يستغش,11,5,هود
يحبس,11,8,هود
مصروفا,11,8,هود
نعماء,11,10,هود
تارك,11,12,هود
ضاءق,11,12,هود
مفتريات,11,13,هود
نوف,11,15,هود
اخبت,11,23,هود
اراذل,11,27,هود
بادي,11,27,هود
نلزم,11,28,هود
طرد,11,30,هود
تزدري,11,31,هود
يغوي,11,34,هود
اجرام,11,35,هود
تجرم,11,35,هود
نسخر,11,38,هود
مجرا,11,41,هود
معزل,11,42,هود
حال,11,43,هود
مغرقين,11,43,هود
ابلع,11,44,هود
اقلع,11,44,هود
غيض,11,44,هود
استو,11,44,هود
جودي,11,44,هود
مفترون,11,50,هود
قوت,11,52,هود
تاركي,11,53,هود
اعترا,11,54,هود
استعمر,11,61,هود
مجيب,11,61,هود
مرجوا,11,62,هود
تزيد,11,63,هود
تخسير,11,63,هود
مكذوب,11,65,هود
حنيذ,11,69,هود
ضحك,11,71,هود
روع,11,74,هود
مردود,11,76,هود
عصيب,11,77,هود
مصيب,11,81,هود
نترك,11,87,هود
اخالف,11,88,هود
انهي,11,88,هود
توفيق,11,88,هود
رجم,11,91,هود
ظهريا,11,92,هود
يقدم,11,98,هود
اورد,11,98,هود
مورود,11,98,هود
رفد,11,99,هود
مرفود,11,99,هود
اغن,11,101,هود
تتبيب,11,101,هود
مجموع,11,103,هود
نءخر,11,104,هود
معدود,11,104,هود
شقي,11,105,هود
سعيد,11,105,هود
شهيق,11,106,هود
سعد,11,108,هود
مجذوذ,11,108,هود
موفوا,11,109,هود
منقوص,11,109,هود
طرفي,11,114,هود
زلفا,11,114,هود
مختلفين,11,118,هود
تقصص,12,5,یوسف
اطرح,12,9,یوسف
يخل,12,9,یوسف
يلتقط,12,10,یوسف
يرتع,12,12,یوسف
نستبق,12,17,یوسف
ادلي,12,19,یوسف
دلو,12,19,یوسف
بخس,12,20,یوسف
دراهم,12,20,یوسف
زاهدين,12,20,یوسف
غلق,12,23,یوسف
هيت,12,23,یوسف
سيد,12,25,یوسف
تراود,12,30,یوسف
فتا,12,30,یوسف
شغف,12,30,یوسف
متكا,12,31,یوسف
سكينا,12,31,یوسف
لم,12,32,یوسف
استعصم,12,32,یوسف
اعصر,12,36,یوسف
خبزا,12,36,یوسف
ارباب,12,39,یوسف
متفرقون,12,39,یوسف
تستفتي,12,41,یوسف
ناج,12,42,یوسف
تعبر,12,43,یوسف
ادكر,12,45,یوسف
دابا,12,47,یوسف
حصد,12,47,یوسف
سنبل,12,47,یوسف
يعصر,12,49,یوسف
حصحص,12,51,یوسف
اخن,12,52,یوسف
اماره,12,53,یوسف
استخلص,12,54,یوسف
يتبوا,12,56,یوسف
نراود,12,61,یوسف
رحال,12,62,یوسف
نكتل,12,63,یوسف
حافظا,12,64,یوسف
نبغي,12,65,یوسف
نمير,12,65,یوسف
نحفظ,12,65,یوسف
نزداد,12,65,یوسف
يحاط,12,66,یوسف
موثق,12,66,یوسف
متفرقه,12,67,یوسف
سارقون,12,70,یوسف
نفقد,12,72,یوسف
صواع,12,72,یوسف
نفسد,12,73,یوسف
سارقين,12,73,یوسف
اوعيه,12,76,یوسف
استخرج,12,76,یوسف
ناخذ,12,79,یوسف
خلص,12,80,یوسف
تفتا,12,85,یوسف
حرضا,12,85,یوسف
هالكين,12,85,یوسف
اشكو,12,86,یوسف
تحسس,12,87,یوسف
تياس,12,87,یوسف
مزجاه,12,88,یوسف
تثريب,12,92,یوسف
تفند,12,94,یوسف
بدو,12,100,یوسف
يمر,12,105,یوسف
توقن,13,2,رعد
متجاورات,13,4,رعد
نفضل,13,4,رعد
مثلات,13,6,رعد
تغيض,13,8,رعد
تزداد,13,8,رعد
متعال,13,9,رعد
مستخف,13,10,رعد
سارب,13,10,رعد
معقبات,13,11,رعد
وال,13,11,رعد
ثقال,13,12,رعد
محال,13,13,رعد
فا,13,14,رعد
زبدا,13,17,رعد
رابيا,13,17,رعد
جفاء,13,17,رعد
يمكث,13,17,رعد
طوبي,13,29,رعد
متاب,13,30,رعد
داءم,13,35,رعد
يمحو,13,39,رعد
معقب,13,41,رعد
مرسلا,13,43,رعد
يستحب,14,3,ابراهیم
نتوكل,14,12,ابراهیم
نسكن,14,14,ابراهیم
استفتح,14,15,ابراهیم
صديد,14,16,ابراهیم
يتجرع,14,17,ابراهیم
يسيغ,14,17,ابراهیم
رماد,14,18,ابراهیم
اشتد,14,18,ابراهیم
جزع,14,21,ابراهیم
تلوم,14,22,ابراهیم
لوم,14,22,ابراهیم
مصرخ,14,22,ابراهیم
مصرخي,14,22,ابراهیم
فرع,14,24,ابراهیم
اجتث,14,26,ابراهیم
بوار,14,28,ابراهیم
داءبين,14,33,ابراهیم
ظلوم,14,34,ابراهیم
اجنب,14,35,ابراهیم
نخفي,14,38,ابراهیم
نعلن,14,38,ابراهیم
غافلا,14,42,ابراهیم
تشخص,14,42,ابراهیم
مقنعي,14,43,ابراهیم
هواء,14,43,ابراهیم
نجب,14,44,ابراهیم
زوال,14,44,ابراهیم
مخلف,14,47,ابراهیم
قطران,14,50,ابراهیم
تغشي,14,50,ابراهیم
يله,15,3,حجر
امل,15,3,حجر
شيع,15,10,حجر
نسلك,15,12,حجر
سكر,15,15,حجر
مسحورون,15,15,حجر
استرق,15,18,حجر
موزون,15,19,حجر
لواقح,15,22,حجر
خازنين,15,22,حجر
مستقدمين,15,24,حجر
مستاخرين,15,24,حجر
جزء,15,44,حجر
مقسوم,15,44,حجر
وجلون,15,52,حجر
توجل,15,53,حجر
قانطين,15,55,حجر
امض,15,65,حجر
مقطوع,15,66,حجر
تفضح,15,68,حجر
ننه,15,70,حجر
متوسمين,15,75,حجر
ينحت,15,82,حجر
صفح,15,85,حجر
مقتسمين,15,90,حجر
عضين,15,91,حجر
اصدع,15,94,حجر
مستهزءين,15,95,حجر
دفء,16,5,نحل
جمال,16,6,نحل
تريح,16,6,نحل
تسرح,16,6,نحل
بغال,16,8,نحل
قصد,16,9,نحل
جاءر,16,9,نحل
تسيم,16,10,نحل
ينبت,16,11,نحل
علامات,16,16,نحل
منكره,16,22,نحل
تشاق,16,27,نحل
تحرص,16,37,نحل
تخوف,16,47,نحل
يتفيا,16,48,نحل
واصبا,16,52,نحل
يتواري,16,59,نحل
يدس,16,59,نحل
مفرطون,16,62,نحل
فرث,16,66,نحل
لبنا,16,66,نحل
خالصا,16,66,نحل
ساءغا,16,66,نحل
سكرا,16,67,نحل
نحل,16,68,نحل
ذللا,16,69,نحل
رادي,16,71,نحل
حفده,16,72,نحل
تضرب,16,74,نحل
مملوكا,16,75,نحل
جهرا,16,75,نحل
ابكم,16,76,نحل
يوجه,16,76,نحل
جو,16,79,نحل
تستخف,16,80,نحل
ظعن,16,80,نحل
اقامه,16,80,نحل
اصواف,16,80,نحل
اوبار,16,80,نحل
اشعار,16,80,نحل
ظلالا,16,81,نحل
اكنانا,16,81,نحل
تبيانا,16,89,نحل
تنقض,16,91,نحل
توكيد,16,91,نحل
كفيلا,16,91,نحل
غزل,16,92,نحل
انكاثا,16,92,نحل
اربي,16,92,نحل
تزل,16,94,نحل
ثبوت,16,94,نحل
تذوق,16,94,نحل
ينفد,16,96,نحل
باق,16,96,نحل
مفتر,16,101,نحل
مطمءن,16,106,نحل
صدرا,16,106,نحل
حلال,16,116,نحل
قانتا,16,120,نحل
محسنون,16,128,نحل
جاس,17,5,اسراء
نفيرا,17,6,اسراء
اسا,17,7,اسراء
يسوء,17,7,اسراء
يتبر,17,7,اسراء
عل,17,7,اسراء
حصيرا,17,8,اسراء
عجولا,17,11,اسراء
ايتين,17,12,اسراء
محو,17,12,اسراء
منشورا,17,13,اسراء
محظورا,17,20,اسراء
مخذولا,17,22,اسراء
تقل,17,23,اسراء
ربي,17,24,اسراء
اوابين,17,25,اسراء
تبذر,17,26,اسراء
تبذيرا,17,26,اسراء
مبذرين,17,27,اسراء
ميسورا,17,28,اسراء
تبسط,17,29,اسراء
محسورا,17,29,اسراء
زني,17,32,اسراء
مظلوما,17,33,اسراء
منصورا,17,33,اسراء
تقف,17,36,اسراء
تخرق,17,37,اسراء
مكروها,17,38,اسراء
تفقه,17,44,اسراء
مستورا,17,45,اسراء
حديدا,17,50,اسراء
ينغض,17,51,اسراء
تستجيب,17,52,اسراء
محذورا,17,57,اسراء
معذبو,17,58,اسراء
تخويفا,17,59,اسراء
ملعونه,17,60,اسراء
نخوف,17,60,اسراء
طينا,17,61,اسراء
احتنك,17,62,اسراء
موفورا,17,63,اسراء
استفزز,17,64,اسراء
اجلب,17,64,اسراء
شارك,17,64,اسراء
قاصفا,17,69,اسراء
يغرق,17,69,اسراء
تبيعا,17,69,اسراء
تفتري,17,73,اسراء
دلوك,17,78,اسراء
غسق,17,78,اسراء
مشهودا,17,78,اسراء
تهجد,17,79,اسراء
محمودا,17,79,اسراء
مدخل,17,80,اسراء
زهق,17,81,اسراء
زهوقا,17,81,اسراء
يءوسا,17,83,اسراء
شاكله,17,84,اسراء
ينبوعا,17,90,اسراء
عنب,17,91,اسراء
قبيلا,17,92,اسراء
ترقي,17,93,اسراء
رقي,17,93,اسراء
مطمءنين,17,95,اسراء
عميا,17,97,اسراء
بكما,17,97,اسراء
خب,17,97,اسراء
انفاق,17,100,اسراء
قتورا,17,100,اسراء
مثبورا,17,102,اسراء
لفيفا,17,104,اسراء
تقرا,17,106,اسراء
خشوعا,17,109,اسراء
تخافت,17,110,اسراء
تكبيرا,17,111,اسراء
ماكثين,18,3,کهف
جاعلون,18,8,کهف
جرزا,18,8,کهف
رقيم,18,9,کهف
هيء,18,10,کهف
حزبين,18,12,کهف
يهيء,18,16,کهف
مرفقا,18,16,کهف
تزاور,18,17,کهف
غرب,18,17,کهف
فجوه,18,17,کهف
مرشدا,18,17,کهف
ايقاظا,18,18,کهف
رقود,18,18,کهف
ذراعي,18,18,کهف
وصيد,18,18,کهف
رعبا,18,18,کهف
يتلطف,18,19,کهف
يرجم,18,20,کهف
اعثر,18,21,کهف
رجما,18,22,کهف
ثامن,18,22,کهف
مراء,18,22,کهف
تستفت,18,22,کهف
فاعل,18,23,کهف
تسعا,18,25,کهف
اغفل,18,28,کهف
فرطا,18,28,کهف
سرادق,18,29,کهف
يشوي,18,29,کهف
ثيابا,18,31,کهف
حفف,18,32,کهف
نهرا,18,33,کهف
تبيد,18,35,کهف
منقلبا,18,36,کهف
زلقا,18,40,کهف
طلبا,18,41,کهف
منتصرا,18,43,کهف
ولايه,18,44,کهف
عقبا,18,44,کهف
هشيما,18,45,کهف
تذرو,18,45,کهف
مقتدرا,18,45,کهف
نسير,18,47,کهف
بارزه,18,47,کهف
نغادر,18,47,کهف
ويله,18,49,کهف
يغادر,18,49,کهف
حاضرا,18,49,کهف
بدلا,18,50,کهف
متخذ,18,51,کهف
مضلين,18,51,کهف
عضدا,18,51,کهف
موبقا,18,52,کهف
مواقعو,18,53,کهف
مصرفا,18,53,کهف
موءلا,18,58,کهف
امضي,18,60,کهف
حقبا,18,60,کهف
سربا,18,61,کهف
غداء,18,62,کهف
نصبا,18,62,کهف
نبغ,18,64,کهف
قصصا,18,64,کهف
اعصي,18,69,کهف
احدث,18,70,کهف
تغرق,18,71,کهف
عسرا,18,73,کهف
زكيه,18,74,کهف
تصاحب,18,76,کهف
استطعم,18,77,کهف
يضيف,18,77,کهف
جدارا,18,77,کهف
تستطع,18,78,کهف
اعيب,18,79,کهف
غصبا,18,79,کهف
رحما,18,81,کهف
جدار,18,82,کهف
غلامين,18,82,کهف
يتيمين,18,82,کهف
يستخرج,18,82,کهف
تسطع,18,82,کهف
تغرب,18,86,کهف
حمءه,18,86,کهف
سترا,18,90,کهف
سدين,18,93,کهف
ردما,18,95,کهف
ساوي,18,96,کهف
صدفين,18,96,کهف
قطرا,18,96,کهف
اسطاع,18,97,کهف
نقبا,18,97,کهف
دكاء,18,98,کهف
يموج,18,99,کهف
اعمالا,18,103,کهف
يحسن,18,104,کهف
صنعا,18,104,کهف
نقيم,18,105,کهف
وزنا,18,105,کهف
حولا,18,108,کهف
مدادا,18,109,کهف
تنفد,18,109,کهف
مددا,18,109,کهف
خفيا,19,3,مریم
اشتعل,19,4,مریم
رضيا,19,6,مریم
حنانا,19,13,مریم
شرقيا,19,16,مریم
تمثل,19,17,مریم
اهب,19,19,مریم
زكيا,19,19,مریم
اك,19,20,مریم
قصيا,19,22,مریم
اجاء,19,23,مریم
مخاض,19,23,مریم
منسيا,19,23,مریم
سريا,19,24,مریم
هز,19,25,مریم
تساقط,19,25,مریم
رطبا,19,25,مریم
جنيا,19,25,مریم
صوما,19,26,مریم
اكلم,19,26,مریم
انسيا,19,26,مریم
فريا,19,27,مریم
اشار,19,29,مریم
نكلم,19,29,مریم
اوصا,19,31,مریم
اموت,19,33,مریم
مشهد,19,37,مریم
راغب,19,46,مریم
ارجم,19,46,مریم
مليا,19,46,مریم
حفيا,19,47,مریم
مرضيا,19,55,مریم
بكيا,19,58,مریم
اضاع,19,59,مریم
غيا,19,59,مریم
ماتيي,19,61,مریم
نورث,19,63,مریم
نتنزل,19,64,مریم
نحضر,19,68,مریم
ننزع,19,69,مریم
صليا,19,70,مریم
حتما,19,71,مریم
نديا,19,73,مریم
جندا,19,75,مریم
مردا,19,76,مریم
عزا,19,81,مریم
ضدا,19,82,مریم
تءز,19,83,مریم
ازا,19,83,مریم
وفدا,19,85,مریم
وردا,19,86,مریم
ادا,19,89,مریم
تنشق,19,90,مریم
تخر,19,90,مریم
لدا,19,97,مریم
ركزا,19,98,مریم
ثري,20,6,طه
اخلع,20,12,طه
نعلي,20,12,طه
اكاد,20,15,طه
اتوكا,20,18,طه
اهش,20,18,طه
مارب,20,18,طه
حيه,20,20,طه
سيره,20,21,طه
اشرح,20,25,طه
نذكر,20,34,طه
ساحل,20,39,طه
محبه,20,39,طه
فتونا,20,40,طه
اصطنع,20,41,طه
تني,20,42,طه
لينا,20,44,طه
ارع,20,54,طه
نخلف,20,58,طه
يسحت,20,61,طه
ساحران,20,63,طه
استعلي,20,64,طه
يخيل,20,66,طه
جذوع,20,71,طه
نءثر,20,72,طه
قاض,20,72,طه
تقضي,20,72,طه
مجرما,20,74,طه
يبسا,20,77,طه
دركا,20,77,طه
يحلل,20,81,طه
اعجل,20,83,طه
اوزارا,20,87,طه
نبرح,20,91,طه
لحيه,20,94,طه
ترقب,20,94,طه
مساس,20,97,طه
عاكفا,20,97,طه
نحرق,20,97,طه
ننسف,20,97,طه
وزرا,20,100,طه
زرقا,20,102,طه
امثل,20,104,طه
ينسف,20,105,طه
قاعا,20,106,طه
صفصفا,20,106,طه
امتا,20,107,طه
خشع,20,108,طه
همسا,20,108,طه
عن,20,111,طه
هضما,20,112,طه
نجد,20,115,طه
عزما,20,115,طه
تجوع,20,118,طه
تعري,20,118,طه
تظما,20,119,طه
تضحي,20,119,طه
يشقي,20,123,طه
ضنكا,20,124,طه
زهره,20,131,طه
نذل,20,134,طه
نخزي,20,134,طه
متربص,20,135,طه
السوي,20,135,طه
لاهيه,21,3,انبیاء
قصم,21,11,انبیاء
يركض,21,12,انبیاء
تركض,21,13,انبیاء
خامدين,21,15,انبیاء
نقذف,21,18,انبیاء
يدمغ,21,18,انبیاء
زاهق,21,18,انبیاء
يستحسر,21,19,انبیاء
يقل,21,29,انبیاء
رتقا,21,30,انبیاء
فتق,21,30,انبیاء
محفوظا,21,32,انبیاء
تبهت,21,40,انبیاء
يكلء,21,42,انبیاء
تمنع,21,43,انبیاء
يصحب,21,43,انبیاء
نفحه,21,46,انبیاء
نضع,21,47,انبیاء
جذاذا,21,58,انبیاء
نكس,21,65,انبیاء
نفش,21,78,انبیاء
فهم,21,79,انبیاء
صنعه,21,80,انبیاء
لبوس,21,80,انبیاء
شاكرون,21,80,انبیاء
عاصفه,21,81,انبیاء
يغوص,21,82,انبیاء
نون,21,87,انبیاء
مغاضبا,21,87,انبیاء
نقدر,21,87,انبیاء
رغبا,21,90,انبیاء
رهبا,21,90,انبیاء
كفران,21,94,انبیاء
كاتبون,21,94,انبیاء
حدب,21,96,انبیاء
شاخصه,21,97,انبیاء
حصب,21,98,انبیاء
واردون,21,98,انبیاء
مبعدون,21,101,انبیاء
حسيس,21,102,انبیاء
اشته,21,102,انبیاء
تتلقا,21,103,انبیاء
نطوي,21,104,انبیاء
طي,21,104,انبیاء
سجل,21,104,انبیاء
زبور,21,105,انبیاء
زلزله,22,1,حج
تذهل,22,2,حج
مرضعه,22,2,حج
مريد,22,3,حج
هامده,22,5,حج
عطف,22,9,حج
حرف,22,11,حج
عشير,22,13,حج
سبب,22,15,حج
مجوس,22,17,حج
يهن,22,18,حج
مكرم,22,18,حج
اختصم,22,19,حج
يصهر,22,20,حج
مقامع,22,21,حج
عاكف,22,25,حج
باد,22,25,حج
الحاد,22,25,حج
قاءمين,22,26,حج
ضامر,22,27,حج
فج,22,27,حج
عميق,22,27,حج
باءس,22,28,حج
تفث,22,29,حج
نذور,22,29,حج
اوثان,22,30,حج
تخطف,22,31,حج
سحيق,22,31,حج
مخبتين,22,34,حج
مقيمي,22,35,حج
صواف,22,36,حج
وجب,22,36,حج
قانع,22,36,حج
معتر,22,36,حج
لحوم,22,37,حج
يدافع,22,38,حج
خوان,22,38,حج
هدم,22,40,حج
صوامع,22,40,حج
بءر,22,45,حج
معطله,22,45,حج
مشيد,22,45,حج
امنيه,22,52,حج
ينسخ,22,52,حج
تخبت,22,54,حج
مخضره,22,63,حج
تقع,22,65,حج
ناسكو,22,67,حج
ينازع,22,67,حج
يسط,22,72,حج
ذبابا,22,73,حج
يسلب,22,73,حج
ذباب,22,73,حج
يستنقذ,22,73,حج
طالب,22,73,حج
مطلوب,22,73,حج
يصطفي,22,75,حج
سما,22,78,حج
خاشعون,23,2,مومنون
كسو,23,14,مومنون
ذهاب,23,18,مومنون
سيناء,23,20,مومنون
دهن,23,20,مومنون
صبغ,23,20,مومنون
اكلين,23,20,مومنون
يتفضل,23,24,مومنون
منزلا,23,29,مومنون
مبتلين,23,30,مومنون
تترا,23,44,مومنون
بشرين,23,47,مومنون
مهلكين,23,48,مومنون
زبرا,23,53,مومنون
نسارع,23,56,مومنون
وجله,23,60,مومنون
تنكص,23,66,مومنون
سامرا,23,67,مومنون
تهجر,23,67,مومنون
خراج,23,72,مومنون
ناكبون,23,74,مومنون
علا,23,91,مومنون
همزات,23,97,مومنون
يحضر,23,98,مومنون
انساب,23,101,مومنون
تلفح,23,104,مومنون
كالحون,23,104,مومنون
شقوه,23,106,مومنون
اخسء,23,108,مومنون
عادين,23,113,مومنون
عبثا,23,115,مومنون
زان,24,3,نور
ثمانين,24,4,نور
يدرا,24,8,نور
هينا,24,15,نور
نتكلم,24,16,نور
تشيع,24,19,نور
ياتل,24,22,نور
يصفح,24,22,نور
غافلات,24,23,نور
خبيثين,24,26,نور
خبيثون,24,26,نور
طيبون,24,26,نور
مبرءون,24,26,نور
تستانس,24,27,نور
مسكونه,24,29,نور
يغضض,24,31,نور
جيوب,24,31,نور
تابعين,24,31,نور
اربه,24,31,نور
طفل,24,31,نور
ايامي,24,32,نور
اماء,24,32,نور
بغاء,24,33,نور
تحصنا,24,33,نور
مشكاه,24,35,نور
كوكب,24,35,نور
دري,24,35,نور
زيتونه,24,35,نور
شرقيه,24,35,نور
غربيه,24,35,نور
زيت,24,35,نور
يضيء,24,35,نور
تتقلب,24,37,نور
سراب,24,39,نور
قيعه,24,39,نور
ظمان,24,39,نور
وفا,24,39,نور
لجي,24,40,نور
يكد,24,40,نور
يءلف,24,43,نور
ركاما,24,43,نور
برد,24,43,نور
سنا,24,43,نور
مذعنين,24,49,نور
يحيف,24,50,نور
تقسم,24,53,نور
معروفه,24,53,نور
استخلف,24,55,نور
يمكن,24,55,نور
مرات,24,58,نور
ظهيره,24,58,نور
طوافون,24,58,نور
اطفال,24,59,نور
متبرجات,24,60,نور
اعمام,24,61,نور
اخوال,24,61,نور
يتسلل,24,63,نور
لواذا,24,63,نور
يخالف,24,63,نور
موتا,25,3,فرقان
اعان,25,4,فرقان
اكتتب,25,5,فرقان
تملي,25,5,فرقان
تغيظا,25,12,فرقان
زفيرا,25,12,فرقان
صرفا,25,19,فرقان
عتوا,25,21,فرقان
مقيلا,25,24,فرقان
عسيرا,25,26,فرقان
يعض,25,27,فرقان
فلانا,25,28,فرقان
خذولا,25,29,فرقان
مهجورا,25,30,فرقان
هاديا,25,31,فرقان
جمله,25,32,فرقان
تفسيرا,25,33,فرقان
ساكنا,25,45,فرقان
دليلا,25,45,فرقان
قبضا,25,46,فرقان
اناسي,25,49,فرقان
برزخا,25,53,فرقان
صهرا,25,54,فرقان
نسجد,25,60,فرقان
قمرا,25,61,فرقان
خلفه,25,62,فرقان
هونا,25,63,فرقان
خاطب,25,63,فرقان
غراما,25,65,فرقان
يقتر,25,67,فرقان
قواما,25,67,فرقان
يزن,25,68,فرقان
اثاما,25,68,فرقان
يخلد,25,69,فرقان
مهانا,25,69,فرقان
متابا,25,71,فرقان
عميانا,25,73,فرقان
يعبا,25,77,فرقان
خاضعين,26,4,شعراء
ينطلق,26,13,شعراء
مستمعون,26,15,شعراء
نرب,26,18,شعراء
وليدا,26,18,شعراء
فعله,26,19,شعراء
تستمع,26,25,شعراء
مسجونين,26,29,شعراء
سحار,26,37,شعراء
مجتمعون,26,39,شعراء
ضير,26,50,شعراء
شرذمه,26,54,شعراء
قليلون,26,54,شعراء
غاءظون,26,55,شعراء
حاذرون,26,56,شعراء
تراءي,26,61,شعراء
مدركون,26,61,شعراء
انفلق,26,63,شعراء
طود,26,63,شعراء
نظل,26,71,شعراء
اقدمون,26,76,شعراء
يشفي,26,80,شعراء
اطمع,26,82,شعراء
ورثه,26,85,شعراء
كبكب,26,94,شعراء
ارذلون,26,111,شعراء
مرجومين,26,116,شعراء
تبن,26,128,شعراء
ريع,26,128,شعراء
تعبث,26,128,شعراء
مصانع,26,129,شعراء
تخلد,26,129,شعراء
وعظ,26,136,شعراء
واعظين,26,136,شعراء
هضيم,26,148,شعراء
فارهين,26,149,شعراء
ذكران,26,165,شعراء
قالين,26,168,شعراء
مخسرين,26,181,شعراء
جبله,26,184,شعراء
اسقط,26,187,شعراء
اعجمين,26,198,شعراء
منظرون,26,203,شعراء
منذرون,26,208,شعراء
معزولون,26,212,شعراء
شعراء,26,224,شعراء
يهيم,26,225,شعراء
منقلب,26,227,شعراء
بورك,27,8,نمل
استيقن,27,14,نمل
منطق,27,16,نمل
نمله,27,18,نمل
يحطم,27,18,نمل
تبسم,27,19,نمل
ضاحكا,27,19,نمل
هدهد,27,20,نمل
خبء,27,25,نمل
قاطعه,27,32,نمل
ملوك,27,34,نمل
افسد,27,34,نمل
مرسله,27,35,نمل
عفريت,27,39,نمل
تهتدي,27,41,نمل
لجه,27,44,نمل
ساقي,27,44,نمل
ممرد,27,44,نمل
فريقان,27,45,نمل
اطير,27,47,نمل
تقاسم,27,49,نمل
نبيت,27,49,نمل
بهجه,27,60,نمل
حاجزا,27,61,نمل
يجيب,27,62,نمل
مضطر,27,62,نمل
عمون,27,66,نمل
ردف,27,72,نمل
غاءبه,27,75,نمل
فوجا,27,83,نمل
تحيط,27,84,نمل
جامده,27,88,نمل
اتقن,27,88,نمل
كب,27,90,نمل
نمن,28,5,قصص
رادو,28,7,قصص
جاعلو,28,7,قصص
التقط,28,8,قصص
فارغا,28,10,قصص
تبدي,28,10,قصص
مراضع,28,12,قصص
يقتتل,28,15,قصص
استغاث,28,15,قصص
وكز,28,15,قصص
يستصرخ,28,18,قصص
ياتمر,28,20,قصص
توجه,28,22,قصص
امراتين,28,23,قصص
تذود,28,23,قصص
رعاء,28,23,قصص
شيخ,28,23,قصص
استحياء,28,25,قصص
نجو,28,25,قصص
تاجر,28,27,قصص
ثماني,28,27,قصص
حجج,28,27,قصص
اجلين,28,28,قصص
سار,28,29,قصص
جذوه,28,29,قصص
شاطء,28,30,قصص
بقعه,28,30,قصص
رهب,28,32,قصص
برهانان,28,32,قصص
افصح,28,34,قصص
ردءا,28,34,قصص
نشد,28,35,قصص
عضد,28,35,قصص
مقبوحين,28,42,قصص
غربي,28,44,قصص
تطاول,28,45,قصص
ثاويا,28,45,قصص
سحران,28,48,قصص
وصل,28,51,قصص
نبتغي,28,55,قصص
نتخطف,28,57,قصص
يجبي,28,57,قصص
بطر,28,58,قصص
مهلكي,28,59,قصص
لاقي,28,61,قصص
مفلحين,28,67,قصص
يختار,28,68,قصص
تنوء,28,76,قصص
معاد,28,85,قصص
هالك,28,88,قصص
نحمل,29,12,عنکبوت
حاملين,29,12,عنکبوت
اثقالا,29,13,عنکبوت
مهاجر,29,26,عنکبوت
مستبصرين,29,38,عنکبوت
سابقين,29,39,عنکبوت
اوهن,29,41,عنکبوت
عالمون,29,43,عنکبوت
تخط,29,48,عنکبوت
غرفا,29,58,عنکبوت
حيوان,29,64,عنکبوت
روم,30,2,روم
سوءي,30,10,روم
يبلس,30,12,روم
روضه,30,15,روم
يحبر,30,15,روم
تظهر,30,18,روم
تنتشر,30,20,روم
اهون,30,27,روم
فطره,30,30,روم
مضعفون,30,39,روم
يمهد,30,44,روم
مبشرات,30,46,روم
مبلسين,30,49,روم
شيبه,30,54,روم
يشتري,31,6,لقمان
اذني,31,7,لقمان
وهنا,31,14,لقمان
عامين,31,14,لقمان
تصعر,31,18,لقمان
خد,31,18,لقمان
اقصد,31,19,لقمان
مشي,31,19,لقمان
اغضض,31,19,لقمان
انكر,31,19,لقمان
اسبغ,31,20,لقمان
باطنه,31,20,لقمان
نضطر,31,24,لقمان
ابحر,31,27,لقمان
ختار,31,32,لقمان
جاز,31,33,لقمان
ناكسو,32,12,سجده
موقنون,32,12,سجده
تتجافي,32,16,سجده
فاسقا,32,18,سجده
جرز,32,27,سجده
قلبين,33,4,احزاب
جوف,33,4,احزاب
تعمد,33,5,احزاب
ظنونا,33,10,احزاب
زلزالا,33,11,احزاب
يثرب,33,13,احزاب
تلبث,33,14,احزاب
فرار,33,16,احزاب
معوقين,33,18,احزاب
قاءلين,33,18,احزاب
تدور,33,19,احزاب
سلق,33,19,احزاب
حداد,33,19,احزاب
بادون,33,20,احزاب
نحب,33,23,احزاب
قويا,33,25,احزاب
صياصي,33,26,احزاب
تاسر,33,26,احزاب
اسرح,33,28,احزاب
محسنات,33,29,احزاب
يقنت,33,31,احزاب
تخضع,33,32,احزاب
تطهيرا,33,33,احزاب
لطيفا,33,34,احزاب
صادقات,33,35,احزاب
صابرات,33,35,احزاب
خاشعات,33,35,احزاب
متصدقات,33,35,احزاب
صاءمين,33,35,احزاب
صاءمات,33,35,احزاب
ذاكرات,33,35,احزاب
مبدي,33,37,احزاب
تخشا,33,37,احزاب
زيد,33,37,احزاب
قض,33,37,احزاب
مقدورا,33,38,احزاب
خاتم,33,40,احزاب
داعيا,33,46,احزاب
اذا,33,48,احزاب
خال,33,50,احزاب
يستنكح,33,50,احزاب
ترجي,33,51,احزاب
عزل,33,51,احزاب
انا,33,53,احزاب
مستانسين,33,53,احزاب
يدني,33,59,احزاب
جلابيب,33,59,احزاب
مرجفون,33,60,احزاب
نغري,33,60,احزاب
يجاور,33,60,احزاب
ملعونين,33,61,احزاب
تقتيلا,33,61,احزاب
ساده,33,67,احزاب
كبراء,33,67,احزاب
العن,33,68,احزاب
لعنا,33,68,احزاب
ظلوما,33,72,احزاب
جهولا,33,72,احزاب
ندل,34,7,سبأ
نخسف,34,9,سبأ
نسقط,34,9,سبأ
اوب,34,10,سبأ
الن,34,10,سبأ
سابغات,34,11,سبأ
سرد,34,11,سبأ
رواح,34,12,سبأ
اسل,34,12,سبأ
قطر,34,12,سبأ
يزغ,34,12,سبأ
محاريب,34,13,سبأ
جفان,34,13,سبأ
قدور,34,13,سبأ
راسيات,34,13,سبأ
شكرا,34,13,سبأ
دل,34,14,سبأ
منساه,34,14,سبأ
مسكن,34,15,سبأ
عرم,34,16,سبأ
جنتي,34,16,سبأ
ذواتي,34,16,سبأ
خمط,34,16,سبأ
اثل,34,16,سبأ
نجازي,34,17,سبأ
ليالي,34,18,سبأ
باعد,34,19,سبأ
اسفار,34,19,سبأ
فتاح,34,26,سبأ
تستاخر,34,30,سبأ
تستقدم,34,30,سبأ
موقوفون,34,31,سبأ
غرفات,34,37,سبأ
يدرس,34,44,سبأ
معشار,34,45,سبأ
فوت,34,51,سبأ
تناوش,34,52,سبأ
حيل,34,54,سبأ
اجنحه,35,1,فاطر
ممسك,35,2,فاطر
يبور,35,10,فاطر
معمر,35,11,فاطر
بحران,35,12,فاطر
ساءغ,35,12,فاطر
قطمير,35,13,فاطر
مثقله,35,18,فاطر
حرور,35,21,فاطر
جدد,35,27,فاطر
غرابيب,35,27,فاطر
سود,35,27,فاطر
تبور,35,29,فاطر
مقامه,35,35,فاطر
يصطرخ,35,37,فاطر
يحيق,35,43,فاطر
مقمحون,36,8,یس
عزز,36,14,یس
تطير,36,18,یس
نرجم,36,18,یس
خامدون,36,29,یس
نسلخ,36,37,یس
مظلمون,36,37,یس
عرجون,36,39,یس
يركب,36,42,یس
نغرق,36,43,یس
صريخ,36,43,یس
يخصم,36,49,یس
توصيه,36,50,یس
مرقد,36,52,یس
فاكهون,36,55,یس
متكءون,36,56,یس
امتاز,36,59,یس
اعهد,36,60,یس
جبلا,36,62,یس
نختم,36,65,یس
مسخ,36,67,یس
مضيا,36,67,یس
ننكس,36,68,یس
شعر,36,69,یس
مالكون,36,71,یس
ركوب,36,72,یس
مشارب,36,73,یس
اخضر,36,80,یس
توقد,36,80,یس
زاجرات,37,2,صافات
زجرا,37,2,صافات
تاليات,37,3,صافات
مارد,37,7,صافات
دحورا,37,9,صافات
واصب,37,9,صافات
خطف,37,10,صافات
خطفه,37,10,صافات
لازب,37,11,صافات
يستسخر,37,14,صافات
احشر,37,22,صافات
قف,37,24,صافات
مسءولون,37,24,صافات
تناصر,37,25,صافات
مستسلمون,37,26,صافات
ذاءقون,37,31,صافات
تاركوا,37,36,صافات
ذاءقوا,37,38,صافات
غول,37,47,صافات
مدينون,37,53,صافات
مطلعون,37,54,صافات
ميتين,37,58,صافات
شوبا,37,67,صافات
مجيبون,37,75,صافات
يزف,37,94,صافات
ذاهب,37,99,صافات
تل,37,103,صافات
جبين,37,103,صافات
فدي,37,107,صافات
مستبين,37,117,صافات
بعلا,37,125,صافات
الياسين,37,130,صافات
ابق,37,140,صافات
ساهم,37,141,صافات
مدحضين,37,141,صافات
التقم,37,142,صافات
مسبحين,37,143,صافات
يقطين,37,146,صافات
شاهدون,37,150,صافات
فاتنين,37,162,صافات
صال,37,163,صافات
صافون,37,165,صافات
مسبحون,37,166,صافات
منصورون,37,172,صافات
ساحه,37,177,صافات
صباح,37,177,صافات
مناص,38,3,ص
عجاب,38,5,ص
يراد,38,6,ص
اختلاق,38,7,ص
يرتق,38,10,ص
مهزوم,38,11,ص
فواق,38,15,ص
قط,38,16,ص
اشراق,38,18,ص
محشوره,38,19,ص
خصم,38,21,ص
تسور,38,21,ص
تشطط,38,22,ص
تسعون,38,23,ص
اكفل,38,23,ص
عز,38,23,ص
سءال,38,24,ص
نعاج,38,24,ص
خلطاء,38,24,ص
راكعا,38,24,ص
صافنات,38,31,ص
جياد,38,31,ص
توار,38,32,ص
مسحا,38,33,ص
رخاء,38,36,ص
غواص,38,37,ص
امنن,38,39,ص
اركض,38,42,ص
مغتسل,38,42,ص
ضغثا,38,44,ص
تحنث,38,44,ص
مصطفين,38,47,ص
مفتحه,38,50,ص
اتراب,38,52,ص
نفاد,38,54,ص
غساق,38,57,ص
شكل,38,58,ص
مقتحم,38,59,ص
اشرار,38,62,ص
تخاصم,38,64,ص
متكلفين,38,86,ص
خالص,39,3,زمر
منيبا,39,8,زمر
قانت,39,9,زمر
ساجدا,39,9,زمر
تنقذ,39,19,زمر
مبنيه,39,20,زمر
ينابيع,39,21,زمر
تقشعر,39,23,زمر
تلين,39,23,زمر
يتقي,39,24,زمر
متشاكسون,39,29,زمر
كاف,39,36,زمر
كاشفات,39,38,زمر
ممسكات,39,38,زمر
تمت,39,42,زمر
اشماز,39,45,زمر
تقنط,39,53,زمر
ساخرين,39,56,زمر
مسوده,39,60,زمر
مطويات,39,67,زمر
صعق,39,68,زمر
اشرق,39,69,زمر
له,39,74,زمر
نتبوا,39,74,زمر
حافين,39,75,زمر
غافر,40,3,غافر
قابل,40,3,غافر
يغرر,40,4,غافر
تق,40,9,غافر
امت,40,11,غافر
رفيع,40,15,غافر
تلاق,40,15,غافر
بارزون,40,16,غافر
استحي,40,25,غافر
صادقا,40,28,غافر
زل,40,34,غافر
مرتاب,40,34,غافر
تباب,40,37,غافر
نجاه,40,41,غافر
افوض,40,44,غافر
غدوا,40,46,غافر
يتحاج,40,47,غافر
مسيء,40,58,غافر
شيوخا,40,67,غافر
يسجر,40,72,غافر
تمرح,40,75,غافر
تنكر,40,81,غافر
اقوات,41,10,فصلت
اءتي,41,11,فصلت
طاءعين,41,11,فصلت
نحسات,41,16,فصلت
تستتر,41,22,فصلت
اردا,41,23,فصلت
معتبين,41,24,فصلت
قيض,41,25,فصلت
قرناء,41,25,فصلت
الغ,41,26,فصلت
تتنزل,41,30,فصلت
ابشر,41,30,فصلت
اعجميا,41,44,فصلت
قنوط,41,49,فصلت
عريض,41,51,فصلت
يذرء,42,11,شوری
تتفرق,42,13,شوری
داحضه,42,16,شوری
يمار,42,18,شوری
روضات,42,22,شوری
يختم,42,24,شوری
يمح,42,24,شوری
قنط,42,28,شوری
يظلل,42,33,شوری
رواكد,42,33,شوری
يوبق,42,34,شوری
شوري,42,38,شوری
خفي,42,45,شوری
يزوج,42,50,شوری
ذكرانا,42,50,شوری
عقيما,42,50,شوری
وحيا,42,51,شوری
روحا,42,52,شوری
تصير,42,53,شوری
صفحا,43,5,زخرف
مضي,43,8,زخرف
تستو,43,13,زخرف
ينشا,43,18,زخرف
مستمسكون,43,21,زخرف
مقتدون,43,23,زخرف
عقب,43,28,زخرف
قريتين,43,31,زخرف
سررا,43,34,زخرف
يتكء,43,34,زخرف
زخرفا,43,35,زخرف
يعش,43,36,زخرف
نقيض,43,36,زخرف
مقتدرون,43,42,زخرف
اسوره,43,53,زخرف
مقترنين,43,53,زخرف
استخف,43,54,زخرف
سلفا,43,56,زخرف
خصمون,43,58,زخرف
ابين,43,63,زخرف
اخلاء,43,67,زخرف
تحبر,43,70,زخرف
صحاف,43,71,زخرف
تلذ,43,71,زخرف
ماكثون,43,77,زخرف
ابرم,43,79,زخرف
مبرمون,43,79,زخرف
اكشف,44,12,دخان
معلم,44,14,دخان
كاشفو,44,15,دخان
عاءدون,44,15,دخان
نبطش,44,16,دخان
اد,44,18,دخان
ترجم,44,20,دخان
اترك,44,24,دخان
رهوا,44,24,دخان
بك,44,29,دخان
عاليا,44,31,دخان
منشرين,44,35,دخان
يغلي,44,45,دخان
غلي,44,46,دخان
اعتل,44,47,دخان
ذق,44,49,دخان
مرتقبون,44,59,دخان
يبث,45,4,جاثیه
شريعه,45,18,جاثیه
اجترح,45,21,جاثیه
جاثيه,45,28,جاثیه
تدعي,45,28,جاثیه
نستنسخ,45,29,جاثیه
مستيقنين,45,32,جاثیه
اثاره,46,4,احقاف
بدعا,46,9,احقاف
ثلاثون,46,15,احقاف
نتقبل,46,16,احقاف
نتجاوز,46,16,احقاف
تفسق,46,20,احقاف
احقاف,46,21,احقاف
تافك,46,22,احقاف
عارضا,46,24,احقاف
مستقبل,46,24,احقاف
عارض,46,24,احقاف
ممطر,46,24,احقاف
استعجل,46,24,احقاف
تدمر,46,25,احقاف
ابصارا,46,26,احقاف
يجب,46,32,احقاف
معجز,46,32,احقاف
يعي,46,33,احقاف
اثخن,47,4,محمد
شد,47,4,محمد
فداء,47,4,محمد
تعسا,47,8,محمد
اسن,47,15,محمد
لبن,47,15,محمد
يتغير,47,15,محمد
عسل,47,15,محمد
مصفي,47,15,محمد
خالد,47,15,محمد
امعاء,47,15,محمد
انفا,47,16,محمد
اشراط,47,18,محمد
متقلب,47,19,محمد
محكمه,47,20,محمد
مغشي,47,20,محمد
اقفال,47,24,محمد
اسرار,47,26,محمد
اسخط,47,28,محمد
لحن,47,30,محمد
يتر,47,35,محمد
يحف,47,37,محمد
تبخل,47,37,محمد
ظانين,48,6,فتح
تعزر,48,9,فتح
توقر,48,9,فتح
اهلو,48,11,فتح
تحسد,48,15,فتح
مخلفين,48,16,فتح
مكه,48,24,فتح
اظفر,48,24,فتح
معكوفا,48,25,فتح
معره,48,25,فتح
تزيل,48,25,فتح
محلقين,48,27,فتح
مقصرين,48,27,فتح
اشداء,48,29,فتح
رحماء,48,29,فتح
ركعا,48,29,فتح
شطا,48,29,فتح
استغلظ,48,29,فتح
زراع,48,29,فتح
تحبط,49,2,حجرات
حجرات,49,4,حجرات
فاسق,49,6,حجرات
حبب,49,7,حجرات
عصيان,49,7,حجرات
راشدون,49,7,حجرات
تبغي,49,9,حجرات
تفيء,49,9,حجرات
اخوي,49,10,حجرات
تلمز,49,11,حجرات
تنابز,49,11,حجرات
القاب,49,11,حجرات
يتب,49,11,حجرات
تجسس,49,12,حجرات
يغتب,49,12,حجرات
شعوبا,49,13,حجرات
قباءل,49,13,حجرات
تعارف,49,13,حجرات
اتقا,49,13,حجرات
يلت,49,14,حجرات
مريج,50,5,ق
تبصره,50,8,ق
باسقات,50,10,ق
نضيد,50,10,ق
عيي,50,15,ق
توسوس,50,16,ق
وريد,50,16,ق
يتلقي,50,17,ق
متلقيان,50,17,ق
قعيد,50,17,ق
يلفظ,50,18,ق
تحيد,50,19,ق
ساءق,50,21,ق
امتلا,50,30,ق
خلود,50,34,ق
نقب,50,36,ق
مناد,50,41,ق
ذاريات,51,1,ذاریات
ذروا,51,1,ذاریات
حاملات,51,2,ذاریات
جاريات,51,3,ذاریات
مقسمات,51,4,ذاریات
حبك,51,7,ذاریات
خراصون,51,10,ذاریات
اخذين,51,16,ذاریات
يهجع,51,17,ذاریات
سمين,51,26,ذاریات
صره,51,29,ذاریات
صك,51,29,ذاریات
موسعون,51,47,ذاریات
ماهدون,51,48,ذاریات
ملوم,51,54,ذاریات
رزاق,51,58,ذاریات
ذنوبا,51,59,ذاریات
مسطور,52,2,طور
رق,52,3,طور
منشور,52,3,طور
معمور,52,4,طور
مرفوع,52,5,طور
مسجور,52,6,طور
مورا,52,9,طور
تسير,52,10,طور
سيرا,52,10,طور
الت,52,21,طور
رهين,52,21,طور
تاثيم,52,23,طور
غلمان,52,24,طور
منون,52,30,طور
متربصين,52,31,طور
مصيطرون,52,37,طور
مستمع,52,38,طور
مكيدون,52,42,طور
ساقطا,52,44,طور
مركوم,52,44,طور
يصعق,52,45,طور
دنا,53,8,نجم
تدلي,53,8,نجم
قاب,53,9,نجم
قوسين,53,9,نجم
نزله,53,13,نجم
لات,53,19,نجم
عزي,53,19,نجم
مناه,53,20,نجم
ثالثه,53,20,نجم
ضيزي,53,22,نجم
يسم,53,27,نجم
تسميه,53,27,نجم
مبلغ,53,30,نجم
لمم,53,32,نجم
اجنه,53,32,نجم
تزك,53,32,نجم
اكدي,53,34,نجم
يجزا,53,41,نجم
اضحك,53,43,نجم
ابكي,53,43,نجم
اقني,53,48,نجم
شعري,53,49,نجم
مءتفكه,53,53,نجم
اهوي,53,53,نجم
غشا,53,54,نجم
تتماري,53,55,نجم
ازف,53,57,نجم
كاشفه,53,58,نجم
تبك,53,60,نجم
سامدون,53,61,نجم
مزدجر,54,4,قمر
خشعا,54,7,قمر
منتشر,54,7,قمر
ازدجر,54,9,قمر
مغلوب,54,10,قمر
منهمر,54,11,قمر
عيونا,54,12,قمر
دسر,54,13,قمر
نحس,54,19,قمر
منقعر,54,20,قمر
مرسلو,54,27,قمر
محتضر,54,28,قمر
تعاطي,54,29,قمر
هشيم,54,31,قمر
محتظر,54,31,قمر
منتصر,54,44,قمر
يهزم,54,45,قمر
ادهي,54,46,قمر
صغير,54,53,قمر
مستطر,54,53,قمر
مليك,54,55,قمر
حسبان,55,5,الرحمن
تخسر,55,9,الرحمن
انام,55,10,الرحمن
فخار,55,14,الرحمن
مارج,55,15,الرحمن
مغربين,55,17,الرحمن
يلتقي,55,19,الرحمن
منشات,55,24,الرحمن
فان,55,26,الرحمن
يبقي,55,27,الرحمن
نفرغ,55,31,الرحمن
ثقلان,55,31,الرحمن
انفذ,55,33,الرحمن
شواظ,55,35,الرحمن
نحاس,55,35,الرحمن
تنتصر,55,35,الرحمن
ورده,55,37,الرحمن
دهان,55,37,الرحمن
نواصي,55,41,الرحمن
ذواتا,55,48,الرحمن
افنان,55,48,الرحمن
زوجان,55,52,الرحمن
بطاءن,55,54,الرحمن
جني,55,54,الرحمن
دان,55,54,الرحمن
ياقوت,55,58,الرحمن
مدهامتان,55,64,الرحمن
نضاختان,55,66,الرحمن
مقصورات,55,72,الرحمن
خيام,55,72,الرحمن
رفرف,55,76,الرحمن
عبقري,55,76,الرحمن
وقعه,56,2,واقعه
خافضه,56,3,واقعه
رافعه,56,3,واقعه
رج,56,4,واقعه
رجا,56,4,واقعه
بس,56,5,واقعه
بسا,56,5,واقعه
منبثا,56,6,واقعه
موضونه,56,15,واقعه
اباريق,56,18,واقعه
يتخير,56,20,واقعه
تاثيما,56,25,واقعه
مخضود,56,28,واقعه
طلح,56,29,واقعه
ممدود,56,30,واقعه
مسكوب,56,31,واقعه
مقطوعه,56,33,واقعه
ممنوعه,56,33,واقعه
انشاء,56,35,واقعه
عربا,56,37,واقعه
يحموم,56,43,واقعه
مترفين,56,45,واقعه
حنث,56,46,واقعه
مجموعون,56,50,واقعه
مكذبون,56,51,واقعه
هيم,56,55,واقعه
ننشء,56,61,واقعه
تحرث,56,63,واقعه
زارعون,56,64,واقعه
تفكه,56,65,واقعه
مغرمون,56,66,واقعه
مزن,56,69,واقعه
اجاجا,56,70,واقعه
تور,56,71,واقعه
منشءون,56,72,واقعه
مقوين,56,73,واقعه
مواقع,56,75,واقعه
مطهرون,56,79,واقعه
مدهنون,56,81,واقعه
حلقوم,56,83,واقعه
مدينين,56,86,واقعه
تصليه,56,94,واقعه
مستخلفين,57,7,حدید
نقتبس,57,13,حدید
التمس,57,13,حدید
يان,57,16,حدید
تخشع,57,16,حدید
مصدقات,57,18,حدید
صديقون,57,19,حدید
تفاخر,57,20,حدید
نبرا,57,22,حدید
رهبانيه,57,27,حدید
ابتدع,57,27,حدید
رع,57,27,حدید
رعايه,57,27,حدید
كفلين,57,28,حدید
تشتكي,58,1,مجادله
تحاور,58,1,مجادله
منكرا,58,2,مجادله
توعظ,58,3,مجادله
ستين,58,4,مجادله
يتناج,58,8,مجادله
يحي,58,8,مجادله
تناجي,58,9,مجادله
تتناج,58,9,مجادله
تناج,58,9,مجادله
ضار,58,10,مجادله
تفسح,58,11,مجادله
مجالس,58,11,مجادله
افسح,58,11,مجادله
يفسح,58,11,مجادله
ناجي,58,12,مجادله
استحوذ,58,19,مجادله
اذلين,58,20,مجادله
اغلب,58,21,مجادله
يواد,58,22,مجادله
حاد,58,22,مجادله
مانعه,59,2,حشر
حصون,59,2,حشر
يخرب,59,2,حشر
اعتبر,59,2,حشر
جلاء,59,3,حشر
يشاق,59,4,حشر
لينه,59,5,حشر
اصول,59,5,حشر
اوجف,59,6,حشر
ركاب,59,6,حشر
يسلط,59,6,حشر
دوله,59,7,حشر
خصاصه,59,9,حشر
غلا,59,10,حشر
رهبه,59,13,حشر
محصنه,59,14,حشر
جدر,59,14,حشر
خاشعا,59,21,حشر
متصدعا,59,21,حشر
مهيمن,59,23,حشر
مصور,59,24,حشر
مرضات,60,1,ممتحنه
يثقف,60,2,ممتحنه
انب,60,4,ممتحنه
عادي,60,7,ممتحنه
مهاجرات,60,10,ممتحنه
عصم,60,10,ممتحنه
كوافر,60,10,ممتحنه
يزني,60,12,ممتحنه
يعصي,60,12,ممتحنه
مرصوص,61,4,صف
ازاغ,61,5,صف
احمد,61,6,صف
يدعي,61,7,صف
متم,61,8,صف
تنجي,61,10,صف
تجاهد,61,11,صف
اسفارا,62,5,جمعه
تفر,62,8,جمعه
جمعه,62,9,جمعه
اسع,62,9,جمعه
نشهد,63,1,منافقون
اجسام,63,4,منافقون
خشب,63,4,منافقون
مسنده,63,4,منافقون
لو,63,5,منافقون
ينفض,63,7,منافقون
اذل,63,8,منافقون
تله,63,9,منافقون
تغابن,64,9,تغابن
تصفح,64,14,تغابن
احص,65,1,طلاق
فارق,65,2,طلاق
مخرجا,65,2,طلاق
احمال,65,4,طلاق
تضيق,65,6,طلاق
اءتمر,65,6,طلاق
تعاسر,65,6,طلاق
ترضع,65,6,طلاق
حاسب,65,8,طلاق
خسرا,65,9,طلاق
يتنزل,65,12,طلاق
تحله,66,2,تحریم
اظهر,66,3,تحریم
تتوب,66,4,تحریم
صغ,66,4,تحریم
تاءبات,66,5,تحریم
عابدات,66,5,تحریم
ساءحات,66,5,تحریم
ثيبات,66,5,تحریم
غلاظ,66,6,تحریم
نصوحا,66,8,تحریم
عبدين,66,10,تحریم
داخلين,66,10,تحریم
تفاوت,67,3,ملک
فطور,67,3,ملک
كرتين,67,4,ملک
خاسءا,67,4,ملک
حسير,67,4,ملک
رجوما,67,5,ملک
شهيقا,67,7,ملک
تفور,67,7,ملک
تميز,67,8,ملک
نعقل,67,10,ملک
سحقا,67,11,ملک
اجهر,67,13,ملک
ذلولا,67,15,ملک
مناكب,67,15,ملک
عتو,67,21,ملک
نفور,67,21,ملک
مكبا,67,22,ملک
زلفه,67,27,ملک
يسطر,68,1,قلم
مفتون,68,6,قلم
تدهن,68,9,قلم
يدهن,68,9,قلم
حلاف,68,10,قلم
هماز,68,11,قلم
مشاء,68,11,قلم
نميم,68,11,قلم
عتل,68,13,قلم
زنيم,68,13,قلم
نسم,68,16,قلم
خرطوم,68,16,قلم
يصرم,68,17,قلم
يستثن,68,18,قلم
طاف,68,19,قلم
صريم,68,20,قلم
اغد,68,22,قلم
صارمين,68,22,قلم
حرد,68,25,قلم
يتلاوم,68,30,قلم
تخير,68,38,قلم
سالمون,68,43,قلم
مكظوم,68,48,قلم
تدارك,68,49,قلم
مذموم,68,49,قلم
يزلق,68,51,قلم
طاغيه,69,5,حاقه
صرصر,69,6,حاقه
عاتيه,69,6,حاقه
حسوما,69,7,حاقه
صرعي,69,7,حاقه
اخذه,69,10,حاقه
رابيه,69,10,حاقه
تعي,69,12,حاقه
واعيه,69,12,حاقه
نفخه,69,13,حاقه
دكه,69,14,حاقه
واهيه,69,16,حاقه
ارجاء,69,17,حاقه
خافيه,69,18,حاقه
ملاق,69,20,حاقه
خاليه,69,24,حاقه
ادر,69,26,حاقه
قاضيه,69,27,حاقه
سلسله,69,32,حاقه
ذرع,69,32,حاقه
سبعون,69,32,حاقه
ذراعا,69,32,حاقه
غسلين,69,36,حاقه
خاطءون,69,37,حاقه
اقاويل,69,44,حاقه
وتين,69,46,حاقه
حاجزين,69,47,حاقه
تعرج,70,4,معارج
مجرم,70,11,معارج
يفتدي,70,11,معارج
فصيله,70,13,معارج
لظي,70,15,معارج
نزاعه,70,16,معارج
شوي,70,16,معارج
اوعي,70,18,معارج
هلوعا,70,19,معارج
جزوعا,70,20,معارج
منوعا,70,21,معارج
داءمون,70,23,معارج
مامون,70,28,معارج
قاءمون,70,33,معارج
عزين,70,37,معارج
يوفض,70,43,معارج
استغش,71,7,نوح
جهارا,71,8,نوح
اسرر,71,9,نوح
اسرارا,71,9,نوح
غفارا,71,10,نوح
وقارا,71,13,نوح
اطوارا,71,14,نوح
اخراجا,71,18,نوح
بساطا,71,19,نوح
تسلك,71,20,نوح
كبارا,71,22,نوح
سواعا,71,23,نوح
يغوث,71,23,نوح
يعوق,71,23,نوح
نسرا,71,23,نوح
انصارا,71,25,نوح
ديارا,71,26,نوح
فاجرا,71,27,نوح
تبارا,71,28,نوح
جد,72,3,جن
سفيه,72,4,جن
يعوذ,72,6,جن
حرسا,72,8,جن
شهبا,72,8,جن
نقعد,72,9,جن
شهابا,72,9,جن
قددا,72,11,جن
هربا,72,12,جن
بخسا,72,13,جن
تحر,72,14,جن
حطبا,72,15,جن
غدقا,72,16,جن
صعدا,72,17,جن
ناصرا,72,24,جن
مزمل,73,1,مزمل
انقص,73,3,مزمل
ناشءه,73,6,مزمل
وطءا,73,6,مزمل
تبتل,73,8,مزمل
تبتيلا,73,8,مزمل
هجرا,73,10,مزمل
انكالا,73,12,مزمل
جحيما,73,12,مزمل
غصه,73,13,مزمل
كثيبا,73,14,مزمل
مهيلا,73,14,مزمل
اخذا,73,16,مزمل
وبيلا,73,16,مزمل
منفطر,73,18,مزمل
ثلثي,73,20,مزمل
مدثر,74,1,مدثر
تمنن,74,6,مدثر
تستكثر,74,6,مدثر
ناقور,74,8,مدثر
عسير,74,9,مدثر
وحيدا,74,11,مدثر
ممدودا,74,12,مدثر
تمهيدا,74,14,مدثر
عنيدا,74,16,مدثر
ارهق,74,17,مدثر
صعودا,74,17,مدثر
فكر,74,18,مدثر
بسر,74,22,مدثر
اصلي,74,26,مدثر
تبقي,74,28,مدثر
لواحه,74,29,مدثر
يستيقن,74,31,مدثر
اسفر,74,34,مدثر
يتقدم,74,37,مدثر
يتاخر,74,37,مدثر
رهينه,74,38,مدثر
خاءضين,74,45,مدثر
مستنفره,74,50,مدثر
قسوره,74,51,مدثر
منشره,74,52,مدثر
لوامه,75,2,قیامه
نجمع,75,3,قیامه
مفر,75,10,قیامه
معاذير,75,15,قیامه
تحرك,75,16,قیامه
ناضره,75,22,قیامه
باسره,75,24,قیامه
فاقره,75,25,قیامه
تراقي,75,26,قیامه
راق,75,27,قیامه
التف,75,29,قیامه
مساق,75,30,قیامه
يتمطي,75,33,قیامه
سدي,75,36,قیامه
مني,75,37,قیامه
مذكورا,76,1,انسان
امشاج,76,2,انسان
نبتلي,76,2,انسان
كافورا,76,5,انسان
مستطيرا,76,7,انسان
اسيرا,76,8,انسان
عبوسا,76,10,انسان
قمطريرا,76,10,انسان
لقا,76,11,انسان
سرورا,76,11,انسان
جزا,76,12,انسان
حريرا,76,12,انسان
شمسا,76,13,انسان
زمهريرا,76,13,انسان
تذليلا,76,14,انسان
قواريرا,76,15,انسان
زنجبيلا,76,17,انسان
تسمي,76,18,انسان
سلسبيلا,76,18,انسان
نعيما,76,20,انسان
سقا,76,21,انسان
مرسلات,77,1,مرسلات
عرفا,77,1,مرسلات
عاصفات,77,2,مرسلات
عصفا,77,2,مرسلات
ناشرات,77,3,مرسلات
نشرا,77,3,مرسلات
فارقات,77,4,مرسلات
فرقا,77,4,مرسلات
ملقيات,77,5,مرسلات
نذرا,77,6,مرسلات
نسف,77,10,مرسلات
اقت,77,11,مرسلات
نخلق,77,20,مرسلات
كفاتا,77,25,مرسلات
شامخات,77,27,مرسلات
فراتا,77,27,مرسلات
شعب,77,30,مرسلات
ظليل,77,31,مرسلات
شرر,77,32,مرسلات
جماله,77,33,مرسلات
صفر,77,33,مرسلات
يركع,77,48,مرسلات
مختلفون,78,3,نبأ
مهادا,78,6,نبأ
اوتادا,78,7,نبأ
معاشا,78,11,نبأ
شدادا,78,12,نبأ
وهاجا,78,13,نبأ
معصرات,78,14,نبأ
ثجاجا,78,14,نبأ
الفافا,78,16,نبأ
ميقاتا,78,17,نبأ
سرابا,78,20,نبأ
مرصادا,78,21,نبأ
لابثين,78,23,نبأ
احقابا,78,23,نبأ
غساقا,78,25,نبأ
وفاقا,78,26,نبأ
مفازا,78,31,نبأ
اعنابا,78,32,نبأ
كواعب,78,33,نبأ
دهاقا,78,34,نبأ
خطابا,78,37,نبأ
صوابا,78,38,نبأ
نازعات,79,1,نازعات
غرقا,79,1,نازعات
ناشطات,79,2,نازعات
نشطا,79,2,نازعات
سابحات,79,3,نازعات
سابقات,79,4,نازعات
سبقا,79,4,نازعات
مدبرات,79,5,نازعات
راجفه,79,6,نازعات
رادفه,79,7,نازعات
واجفه,79,8,نازعات
مردودون,79,10,نازعات
حافره,79,10,نازعات
نخره,79,11,نازعات
خاسره,79,12,نازعات
ساهره,79,14,نازعات
نكال,79,25,نازعات
سمك,79,28,نازعات
اغطش,79,29,نازعات
دحا,79,30,نازعات
مرعا,79,31,نازعات
ارسا,79,32,نازعات
طامه,79,34,نازعات
منتها,79,44,نازعات
يخشا,79,45,نازعات
عشيه,79,46,نازعات
تصدي,80,6,عبس
مكرمه,80,13,عبس
سفره,80,15,عبس
كرام,80,16,عبس
برره,80,16,عبس
اقبر,80,21,عبس
صبب,80,25,عبس
صبا,80,25,عبس
شقق,80,26,عبس
شقا,80,26,عبس
عنبا,80,28,عبس
قضبا,80,28,عبس
زيتونا,80,29,عبس
نخلا,80,29,عبس
غلبا,80,30,عبس
صاخه,80,33,عبس
يفر,80,34,عبس
مسفره,80,38,عبس
ضاحكه,80,39,عبس
مستبشره,80,39,عبس
غبره,80,40,عبس
قتره,80,41,عبس
كفره,80,42,عبس
فجره,80,42,عبس
كور,81,1,تکویر
انكدر,81,2,تکویر
عشار,81,4,تکویر
عطل,81,4,تکویر
وحوش,81,5,تکویر
سجر,81,6,تکویر
موءوده,81,8,تکویر
نشر,81,10,تکویر
كشط,81,11,تکویر
خنس,81,15,تکویر
كنس,81,16,تکویر
عسعس,81,17,تکویر
تنفس,81,18,تکویر
مطاع,81,21,تکویر
ضنين,81,24,تکویر
يستقيم,81,28,تکویر
انفطر,82,1,انفطار
انتثر,82,2,انفطار
صوره,82,8,انفطار
كاتبين,82,11,انفطار
مطففين,83,1,مطففین
اكتال,83,2,مطففین
يستوف,83,2,مطففین
كال,83,3,مطففین
ران,83,14,مطففین
محجوبون,83,15,مطففین
عليين,83,18,مطففین
عليون,83,19,مطففین
رحيق,83,25,مطففین
مختوم,83,25,مطففین
ختام,83,26,مطففین
مسك,83,26,مطففین
يتنافس,83,26,مطففین
متنافسون,83,26,مطففین
تسنيم,83,27,مطففین
يتغامز,83,30,مطففین
فكهين,83,31,مطففین
ثوب,83,36,مطففین
تخل,84,4,انشقاق
كادح,84,6,انشقاق
كدحا,84,6,انشقاق
يحور,84,14,انشقاق
شفق,84,16,انشقاق
وسق,84,17,انشقاق
اتسق,84,18,انشقاق
طبقا,84,19,انشقاق
طبق,84,19,انشقاق
يوع,84,23,انشقاق
موعود,85,2,بروج
اخدود,85,4,بروج
شهود,85,7,بروج
تكذيب,85,19,بروج
لوح,85,22,بروج
محفوظ,85,22,بروج
دافق,86,6,طارق
تراءب,86,7,طارق
تبلي,86,9,طارق
سراءر,86,9,طارق
صدع,86,12,طارق
هزل,86,14,طارق
امهل,86,17,طارق
رويدا,86,17,طارق
مرعي,87,4,اعلی
احوي,87,5,اعلی
يتجنب,87,11,اعلی
تءثر,87,16,اعلی
عامله,88,3,غاشیه
ناصبه,88,3,غاشیه
تصلي,88,4,غاشیه
ضريع,88,6,غاشیه
يسمن,88,7,غاشیه
ناعمه,88,8,غاشیه
لاغيه,88,11,غاشیه
موضوعه,88,14,غاشیه
نمارق,88,15,غاشیه
زرابي,88,16,غاشیه
مبثوثه,88,16,غاشیه
سطح,88,20,غاشیه
مذكر,88,21,غاشیه
مسيطر,88,22,غاشیه
اياب,88,25,غاشیه
شفع,89,3,فجر
وتر,89,3,فجر
ارم,89,7,فجر
عماد,89,7,فجر
جاب,89,9,فجر
صخر,89,9,فجر
طغ,89,11,فجر
سوط,89,13,فجر
مرصاد,89,14,فجر
اهان,89,16,فجر
تكرم,89,17,فجر
تحاض,89,18,فجر
تراث,89,19,فجر
اكلا,89,19,فجر
لما,89,19,فجر
جما,89,20,فجر
يوثق,89,26,فجر
مرضيه,89,28,فجر
كبد,90,4,بلد
عينين,90,8,بلد
شفتين,90,9,بلد
نجدين,90,10,بلد
اقتحم,90,11,بلد
فك,90,13,بلد
مسغبه,90,14,بلد
مقربه,90,15,بلد
متربه,90,16,بلد
مرحمه,90,17,بلد
تلا,91,2,شمس
جلي,91,3,شمس
طحا,91,6,شمس
الهم,91,8,شمس
فجور,91,8,شمس
دسا,91,10,شمس
طغوا,91,11,شمس
انبعث,91,12,شمس
اشقا,91,12,شمس
سقيا,91,13,شمس
دمدم,91,14,شمس
عسري,92,10,لیل
تلظي,92,14,لیل
يجنب,92,17,لیل
سجي,93,2,ضحی
ودع,93,3,ضحی
قلي,93,3,ضحی
يعطي,93,5,ضحی
ضالا,93,7,ضحی
عاءلا,93,8,ضحی
تقهر,93,9,ضحی
حدث,93,11,ضحی
نشرح,94,1,شرح
انقض,94,3,شرح
فرغ,94,7,شرح
انصب,94,7,شرح
ارغب,94,8,شرح
تين,95,1,تین
سينين,95,2,تین
تقويم,95,4,تین
سافلين,95,5,تین
علق,96,2,علق
رجعي,96,8,علق
نسفع,96,15,علق
زبانيه,96,18,علق
منفكين,98,1,بینه
زلزال,99,1,زلزال
عاديات,100,1,عادیات
ضبحا,100,1,عادیات
موريات,100,2,عادیات
قدحا,100,2,عادیات
مغيرات,100,3,عادیات
صبحا,100,3,عادیات
نقعا,100,4,عادیات
وسط,100,5,عادیات
كنود,100,6,عادیات
حصل,100,10,عادیات
فراش,101,4,قارعه
مبثوث,101,4,قارعه
منفوش,101,5,قارعه
هاويه,101,9,قارعه
زر,102,2,تکاثر
مقابر,102,2,تکاثر
عصر,103,1,عصر
همزه,104,1,همزه
لمزه,104,1,همزه
ينبذ,104,4,همزه
موقده,104,6,همزه
ممدده,104,9,همزه
فيل,105,1,فیل
تضليل,105,2,فیل
ابابيل,105,3,فیل
ماكول,105,5,فیل
قريش,106,1,قریش
رحله,106,2,قریش
شتاء,106,2,قریش
صيف,106,2,قریش
يمنع,107,7,ماعون
ماعون,107,7,ماعون
كوثر,108,1,کوثر
انحر,108,2,کوثر
شانء,108,3,کوثر
ابتر,108,3,کوثر
عابد,109,4,کافرون
حماله,111,4,مسد
حطب,111,4,مسد
جيد,111,5,مسد
مسد,111,5,مسد
صمد,112,2,اخلاص
يولد,112,3,اخلاص
كفوا,112,4,اخلاص
فلق,113,1,فلق
غاسق,113,3,فلق
وقب,113,3,فلق
نفاثات,113,4,فلق
حاسد,113,5,فلق
حسد,113,5,فلق
وسواس,114,4,ناس
خناس,114,4,ناس
يوسوس,114,5,ناس
